Path,SteerAngle,Throttle,Brake,Speed,X_Position,Y_Position,Pitch,Yaw,Roll
/Users/jeredyang/Documents/Github/RoboND-Rover-Project/IMG/robocam_2017_06_07_23_34_28_432.jpg,0,0,1,0,99.66999,85.58897,0.00023634,56.58541,1.46E-06
/Users/jeredyang/Documents/Github/RoboND-Rover-Project/IMG/robocam_2017_06_07_23_34_28_494.jpg,2.053499,0,0,0,99.66999,85.58897,0.00023678,56.70862,1.23E-06
/Users/jeredyang/Documents/Github/RoboND-Rover-Project/IMG/robocam_2017_06_07_23_34_28_560.jpg,0,0,0,0,99.66999,85.58897,0.000237811,56.71883,1.80E-06
/Users/jeredyang/Documents/Github/RoboND-Rover-Project/IMG/robocam_2017_06_07_23_34_28_628.jpg,0,0,0,0,99.66999,85.58897,0.000238174,56.71883,2.07E-06
/Users/jeredyang/Documents/Github/RoboND-Rover-Project/IMG/robocam_2017_06_07_23_34_28_693.jpg,0,0,0,0,99.66999,85.58897,0.000238435,56.71883,2.32E-06
/Users/jeredyang/Documents/Github/RoboND-Rover-Project/IMG/robocam_2017_06_07_23_34_28_761.jpg,0,0,0,0,99.66999,85.58897,0.000238783,56.71883,2.64E-06
/Users/jeredyang/Documents/Github/RoboND-Rover-Project/IMG/robocam_2017_06_07_23_34_28_827.jpg,0,0,0,0,99.66999,85.58897,0.000239044,56.71883,2.89E-06
/Users/jeredyang/Documents/Github/RoboND-Rover-Project/IMG/robocam_2017_06_07_23_34_28_893.jpg,0,0,0,0,99.66999,85.58897,0.000239233,56.71883,3.00E-06
/Users/jeredyang/Documents/Github/RoboND-Rover-Project/IMG/robocam_2017_06_07_23_34_28_959.jpg,0,0,0,0,99.66999,85.58897,0.000239233,56.71883,3.00E-06
/Users/jeredyang/Documents/Github/RoboND-Rover-Project/IMG/robocam_2017_06_07_23_34_29_026.jpg,0,0,0,0,99.66999,85.58897,0.000239233,56.71883,3.00E-06
/Users/jeredyang/Documents/Github/RoboND-Rover-Project/IMG/robocam_2017_06_07_23_34_29_092.jpg,0,0,0,0,99.66999,85.58897,0.000239233,56.71883,3.00E-06
/Users/jeredyang/Documents/Github/RoboND-Rover-Project/IMG/robocam_2017_06_07_23_34_29_159.jpg,0,0,0,0,99.66999,85.58897,0.000239192,56.71883,2.77E-06
/Users/jeredyang/Documents/Github/RoboND-Rover-Project/IMG/robocam_2017_06_07_23_34_29_225.jpg,0,0,0,0,99.66999,85.58897,0.000238931,56.71883,2.52E-06
/Users/jeredyang/Documents/Github/RoboND-Rover-Project/IMG/robocam_2017_06_07_23_34_29_291.jpg,0,0,0,0,99.66999,85.58897,0.00023867,56.71883,2.27E-06
/Users/jeredyang/Documents/Github/RoboND-Rover-Project/IMG/robocam_2017_06_07_23_34_29_358.jpg,0,0,0,0,99.66999,85.58897,0.000238322,56.71883,1.95E-06
/Users/jeredyang/Documents/Github/RoboND-Rover-Project/IMG/robocam_2017_06_07_23_34_29_425.jpg,0,0,0,0,99.66999,85.58897,0.000238061,56.71883,1.70E-06
/Users/jeredyang/Documents/Github/RoboND-Rover-Project/IMG/robocam_2017_06_07_23_34_29_491.jpg,0,0,0,0,99.66999,85.58897,0.0002378,56.71883,1.46E-06
/Users/jeredyang/Documents/Github/RoboND-Rover-Project/IMG/robocam_2017_06_07_23_34_29_558.jpg,0,0,0,0,99.66999,85.58897,0.000237232,56.71883,1.12E-06
/Users/jeredyang/Documents/Github/RoboND-Rover-Project/IMG/robocam_2017_06_07_23_34_29_625.jpg,0,0,0,0,99.66999,85.58897,0.000236358,56.71883,6.93E-07
/Users/jeredyang/Documents/Github/RoboND-Rover-Project/IMG/robocam_2017_06_07_23_34_29_691.jpg,0,0,0,0,99.66999,85.58897,0.000235575,56.71883,-4.23E-08
/Users/jeredyang/Documents/Github/RoboND-Rover-Project/IMG/robocam_2017_06_07_23_34_29_757.jpg,0,0,0,0,99.66999,85.58897,0.000235488,56.71883,-1.24E-07
/Users/jeredyang/Documents/Github/RoboND-Rover-Project/IMG/robocam_2017_06_07_23_34_29_824.jpg,0,0,0,0,99.66999,85.58897,0.000235488,56.71883,-1.24E-07
/Users/jeredyang/Documents/Github/RoboND-Rover-Project/IMG/robocam_2017_06_07_23_34_29_890.jpg,0,0,0,0,99.66999,85.58897,0.000235488,56.71883,-1.24E-07
/Users/jeredyang/Documents/Github/RoboND-Rover-Project/IMG/robocam_2017_06_07_23_34_29_956.jpg,0,0.101079,0,0,99.66997,85.58894,-0.000507999,56.71889,-1.80E-07
/Users/jeredyang/Documents/Github/RoboND-Rover-Project/IMG/robocam_2017_06_07_23_34_30_023.jpg,0,0.297636,0,0,99.67087,85.59029,0.03411391,56.74937,-6.38E-05
/Users/jeredyang/Documents/Github/RoboND-Rover-Project/IMG/robocam_2017_06_07_23_34_30_089.jpg,0,0.4988371,0,0.02454422,99.67249,85.59278,0.09506319,56.65974,0.000115161
/Users/jeredyang/Documents/Github/RoboND-Rover-Project/IMG/robocam_2017_06_07_23_34_30_156.jpg,0,0.699021,0,0.06924998,99.67568,85.59763,0.2115208,56.66388,0.000191654
/Users/jeredyang/Documents/Github/RoboND-Rover-Project/IMG/robocam_2017_06_07_23_34_30_222.jpg,0,0.8956679,0,0.08618905,99.68196,85.60721,0.4276571,56.74261,-0.000156285
/Users/jeredyang/Documents/Github/RoboND-Rover-Project/IMG/robocam_2017_06_07_23_34_30_289.jpg,0,1,0,0.1355681,99.68963,85.61871,0.6556062,56.62517,-0.000290009
/Users/jeredyang/Documents/Github/RoboND-Rover-Project/IMG/robocam_2017_06_07_23_34_30_355.jpg,0,1,0,0.2018728,99.69862,85.63228,0.8879835,56.6244,-0.000813717
/Users/jeredyang/Documents/Github/RoboND-Rover-Project/IMG/robocam_2017_06_07_23_34_30_423.jpg,0,1,0,0.2660545,99.7141,85.65573,1.244015,56.65318,0.000216856
/Users/jeredyang/Documents/Github/RoboND-Rover-Project/IMG/robocam_2017_06_07_23_34_30_489.jpg,0,1,0,0.3067393,99.72572,85.67322,1.324717,56.77691,-0.004253063
/Users/jeredyang/Documents/Github/RoboND-Rover-Project/IMG/robocam_2017_06_07_23_34_30_555.jpg,0,1,0,0.3995996,99.73703,85.69024,1.168076,56.88764,-0.002406647
/Users/jeredyang/Documents/Github/RoboND-Rover-Project/IMG/robocam_2017_06_07_23_34_30_621.jpg,0,1,0,0.4512387,99.75585,85.71884,1.059351,56.91073,-7.14E-05
/Users/jeredyang/Documents/Github/RoboND-Rover-Project/IMG/robocam_2017_06_07_23_34_30_688.jpg,0,1,0,0.4868306,99.77216,85.74365,1.040386,56.91282,-0.000479286
/Users/jeredyang/Documents/Github/RoboND-Rover-Project/IMG/robocam_2017_06_07_23_34_30_754.jpg,0,1,0,0.5603757,99.7906,85.77175,1.078793,56.86799,0.000346106
/Users/jeredyang/Documents/Github/RoboND-Rover-Project/IMG/robocam_2017_06_07_23_34_30_821.jpg,0,1,0,0.5985854,99.8188,85.81464,1.210268,56.79857,-0.000159184
/Users/jeredyang/Documents/Github/RoboND-Rover-Project/IMG/robocam_2017_06_07_23_34_30_887.jpg,0,1,0,0.64302,99.84077,85.84789,1.240462,56.72414,-0.001149635
/Users/jeredyang/Documents/Github/RoboND-Rover-Project/IMG/robocam_2017_06_07_23_34_30_954.jpg,0,1,0,0.7048133,99.86437,85.88365,1.238312,56.6936,-0.001086067
/Users/jeredyang/Documents/Github/RoboND-Rover-Project/IMG/robocam_2017_06_07_23_34_31_020.jpg,0,1,0,0.7714426,99.89803,85.93465,1.200629,56.7734,-0.00126573
/Users/jeredyang/Documents/Github/RoboND-Rover-Project/IMG/robocam_2017_06_07_23_34_31_086.jpg,0,1,0,0.8225167,99.92543,85.97613,1.191647,56.795,-0.001387602
/Users/jeredyang/Documents/Github/RoboND-Rover-Project/IMG/robocam_2017_06_07_23_34_31_153.jpg,0,1,0,0.8877614,99.95488,86.02079,1.214751,56.76265,-0.000327816
/Users/jeredyang/Documents/Github/RoboND-Rover-Project/IMG/robocam_2017_06_07_23_34_31_220.jpg,0,1,0,0.9318966,99.99649,86.08379,1.226856,56.77075,-0.001084781
/Users/jeredyang/Documents/Github/RoboND-Rover-Project/IMG/robocam_2017_06_07_23_34_31_286.jpg,0,1,0,0.9889519,100.0297,86.13409,1.23148,56.76629,-0.000871584
/Users/jeredyang/Documents/Github/RoboND-Rover-Project/IMG/robocam_2017_06_07_23_34_31_353.jpg,0,1,0,1.05292,100.0643,86.18647,1.219351,56.75927,-0.000813804
/Users/jeredyang/Documents/Github/RoboND-Rover-Project/IMG/robocam_2017_06_07_23_34_31_419.jpg,0,1,0,1.092682,100.1129,86.25993,1.217584,56.75121,-0.001144608
/Users/jeredyang/Documents/Github/RoboND-Rover-Project/IMG/robocam_2017_06_07_23_34_31_485.jpg,0,1,0,1.141512,100.1513,86.31795,1.225304,56.71936,-0.000561885
/Users/jeredyang/Documents/Github/RoboND-Rover-Project/IMG/robocam_2017_06_07_23_34_31_551.jpg,0,1,0,1.200815,100.1911,86.3782,1.227715,56.68733,-0.000556415
/Users/jeredyang/Documents/Github/RoboND-Rover-Project/IMG/robocam_2017_06_07_23_34_31_618.jpg,0,1,0,1.250317,100.2468,86.46224,1.230832,56.64807,-0.000638103
/Users/jeredyang/Documents/Github/RoboND-Rover-Project/IMG/robocam_2017_06_07_23_34_31_685.jpg,0,1,0,1.298349,100.2905,86.52808,1.237265,56.62339,-0.000825498
/Users/jeredyang/Documents/Github/RoboND-Rover-Project/IMG/robocam_2017_06_07_23_34_31_751.jpg,0,1,0,1.360284,100.3357,86.59618,1.239156,56.60629,-0.000747307
/Users/jeredyang/Documents/Github/RoboND-Rover-Project/IMG/robocam_2017_06_07_23_34_31_817.jpg,0,1,0,1.409565,100.3825,86.6667,1.244752,56.58809,-0.000880128
/Users/jeredyang/Documents/Github/RoboND-Rover-Project/IMG/robocam_2017_06_07_23_34_31_884.jpg,0,0.9014619,0,1.456784,100.4474,86.76424,1.249122,56.56806,-0.000892325
/Users/jeredyang/Documents/Github/RoboND-Rover-Project/IMG/robocam_2017_06_07_23_34_31_951.jpg,0,0.701434,0,1.496952,100.4976,86.83958,1.24639,56.55953,-0.000846156
/Users/jeredyang/Documents/Github/RoboND-Rover-Project/IMG/robocam_2017_06_07_23_34_32_017.jpg,0,0.5019251,0,1.53697,100.5487,86.91636,1.247131,56.55208,-0.000437289
/Users/jeredyang/Documents/Github/RoboND-Rover-Project/IMG/robocam_2017_06_07_23_34_32_083.jpg,0,0.3031299,0,1.554803,100.6176,87.01974,1.229241,56.53959,-0.000388236
/Users/jeredyang/Documents/Github/RoboND-Rover-Project/IMG/robocam_2017_06_07_23_34_32_150.jpg,0,0.1029999,0,1.564311,100.6693,87.09725,1.184491,56.53014,-0.000308145
/Users/jeredyang/Documents/Github/RoboND-Rover-Project/IMG/robocam_2017_06_07_23_34_32_216.jpg,0,0,0,1.562265,100.7205,87.17409,1.102806,56.52089,-0.000227573
/Users/jeredyang/Documents/Github/RoboND-Rover-Project/IMG/robocam_2017_06_07_23_34_32_283.jpg,0,0,0,1.557856,100.7882,87.27547,0.946685,56.50909,-2.53E-06
/Users/jeredyang/Documents/Github/RoboND-Rover-Project/IMG/robocam_2017_06_07_23_34_32_349.jpg,0,0,0,1.553093,100.8384,87.35089,0.805029,56.50156,0.002454094
/Users/jeredyang/Documents/Github/RoboND-Rover-Project/IMG/robocam_2017_06_07_23_34_32_415.jpg,0,0,0,1.546653,100.8883,87.42593,0.6505769,56.49733,0.01121483
/Users/jeredyang/Documents/Github/RoboND-Rover-Project/IMG/robocam_2017_06_07_23_34_32_482.jpg,0,0,0,1.541755,100.9544,87.52555,0.4346704,56.4965,0.0309904
/Users/jeredyang/Documents/Github/RoboND-Rover-Project/IMG/robocam_2017_06_07_23_34_32_548.jpg,0,0,0,1.536791,101.0036,87.5999,0.2669724,56.49657,0.04491316
/Users/jeredyang/Documents/Github/RoboND-Rover-Project/IMG/robocam_2017_06_07_23_34_32_615.jpg,0,0,0,1.53005,101.0527,87.674,0.09980062,56.49665,0.05668685
/Users/jeredyang/Documents/Github/RoboND-Rover-Project/IMG/robocam_2017_06_07_23_34_32_681.jpg,0,0,0,1.524917,101.118,87.77254,359.8864,56.49676,0.06893986
/Users/jeredyang/Documents/Github/RoboND-Rover-Project/IMG/robocam_2017_06_07_23_34_32_749.jpg,0,0,0,1.519727,101.1668,87.84634,359.739,56.49685,0.07556382
/Users/jeredyang/Documents/Github/RoboND-Rover-Project/IMG/robocam_2017_06_07_23_34_32_815.jpg,0,0,0,1.512447,101.2162,87.92019,359.6285,56.48784,0.0560028
/Users/jeredyang/Documents/Github/RoboND-Rover-Project/IMG/robocam_2017_06_07_23_34_32_881.jpg,0,0,0,1.506894,101.2817,88.01891,359.5161,56.48216,0.02711375
/Users/jeredyang/Documents/Github/RoboND-Rover-Project/IMG/robocam_2017_06_07_23_34_32_948.jpg,0,0,0,1.501342,101.3308,88.09301,359.4526,56.48139,0.00609893
/Users/jeredyang/Documents/Github/RoboND-Rover-Project/IMG/robocam_2017_06_07_23_34_33_015.jpg,0,0,0,1.493892,101.3799,88.16726,359.4186,56.48178,359.9895
/Users/jeredyang/Documents/Github/RoboND-Rover-Project/IMG/robocam_2017_06_07_23_34_33_081.jpg,0,0,0,1.488634,101.4453,88.26629,359.3993,56.48575,359.9818
/Users/jeredyang/Documents/Github/RoboND-Rover-Project/IMG/robocam_2017_06_07_23_34_33_148.jpg,0,0,0,1.483029,101.4944,88.34043,359.4014,56.48649,359.9791
/Users/jeredyang/Documents/Github/RoboND-Rover-Project/IMG/robocam_2017_06_07_23_34_33_214.jpg,0,0,0,1.476112,101.5434,88.41441,359.4111,56.48656,359.9767
/Users/jeredyang/Documents/Github/RoboND-Rover-Project/IMG/robocam_2017_06_07_23_34_33_281.jpg,0,0,0,1.470804,101.6085,88.51302,359.4446,56.48994,359.9854
/Users/jeredyang/Documents/Github/RoboND-Rover-Project/IMG/robocam_2017_06_07_23_34_33_348.jpg,0,0,0,1.465541,101.6573,88.58672,359.4762,56.49018,359.9912
/Users/jeredyang/Documents/Github/RoboND-Rover-Project/IMG/robocam_2017_06_07_23_34_33_414.jpg,0,0,0,1.45878,101.706,88.66018,359.5097,56.49022,-0.003362297
/Users/jeredyang/Documents/Github/RoboND-Rover-Project/IMG/robocam_2017_06_07_23_34_33_481.jpg,0,0,0,1.45375,101.7706,88.75775,359.5553,56.49023,0.00318798
/Users/jeredyang/Documents/Github/RoboND-Rover-Project/IMG/robocam_2017_06_07_23_34_33_548.jpg,0,0,0,1.448755,101.8188,88.83063,359.5887,56.49023,0.007521112
/Users/jeredyang/Documents/Github/RoboND-Rover-Project/IMG/robocam_2017_06_07_23_34_33_615.jpg,0,0,0,1.442144,101.8669,88.90324,359.6206,56.49024,0.01130973
/Users/jeredyang/Documents/Github/RoboND-Rover-Project/IMG/robocam_2017_06_07_23_34_33_682.jpg,0,0,0,1.437222,101.9307,88.9996,359.6593,56.49024,0.01546929
/Users/jeredyang/Documents/Github/RoboND-Rover-Project/IMG/robocam_2017_06_07_23_34_33_749.jpg,0,0,0,1.432328,101.9784,89.07153,359.6847,56.49025,0.01790538
/Users/jeredyang/Documents/Github/RoboND-Rover-Project/IMG/robocam_2017_06_07_23_34_33_815.jpg,0,0,0,1.425844,102.0258,89.14319,359.7067,56.49025,0.01975966
/Users/jeredyang/Documents/Github/RoboND-Rover-Project/IMG/robocam_2017_06_07_23_34_33_882.jpg,0,0,0,1.421009,102.0888,89.23825,359.7303,56.49025,0.02135397
/Users/jeredyang/Documents/Github/RoboND-Rover-Project/IMG/robocam_2017_06_07_23_34_33_948.jpg,0,0,0,1.416196,102.1358,89.30921,359.7435,56.49026,0.02192611
/Users/jeredyang/Documents/Github/RoboND-Rover-Project/IMG/robocam_2017_06_07_23_34_34_015.jpg,0,0,0,1.40981,102.1826,89.37988,359.753,56.49026,0.02200273
/Users/jeredyang/Documents/Github/RoboND-Rover-Project/IMG/robocam_2017_06_07_23_34_34_082.jpg,0,0,0,1.405041,102.2447,89.47366,359.7602,56.49027,0.0214111
/Users/jeredyang/Documents/Github/RoboND-Rover-Project/IMG/robocam_2017_06_07_23_34_34_148.jpg,0,0,0,1.400287,102.291,89.54365,359.7619,56.49027,0.02051031
/Users/jeredyang/Documents/Github/RoboND-Rover-Project/IMG/robocam_2017_06_07_23_34_34_215.jpg,0,0,0,1.393888,102.3373,89.6134,359.7651,56.48896,0.01504406
/Users/jeredyang/Documents/Github/RoboND-Rover-Project/IMG/robocam_2017_06_07_23_34_34_281.jpg,0,0,0,1.389169,102.3986,89.706,359.7646,56.48888,0.009616894
/Users/jeredyang/Documents/Github/RoboND-Rover-Project/IMG/robocam_2017_06_07_23_34_34_349.jpg,0,0,0,1.384466,102.4444,89.77514,359.7612,56.48888,0.005751356
/Users/jeredyang/Documents/Github/RoboND-Rover-Project/IMG/robocam_2017_06_07_23_34_34_415.jpg,0,0,0,1.378215,102.49,89.844,359.7573,56.48802,0.000160091
/Users/jeredyang/Documents/Github/RoboND-Rover-Project/IMG/robocam_2017_06_07_23_34_34_481.jpg,0,0,0,1.373454,102.5506,89.9355,359.7528,56.48752,359.9917
/Users/jeredyang/Documents/Github/RoboND-Rover-Project/IMG/robocam_2017_06_07_23_34_34_548.jpg,0,0,0,1.368793,102.5958,90.0039,359.7508,56.4888,359.99
/Users/jeredyang/Documents/Github/RoboND-Rover-Project/IMG/robocam_2017_06_07_23_34_34_615.jpg,0,0,0,1.362502,102.6409,90.07203,359.7484,56.48901,359.9886
/Users/jeredyang/Documents/Github/RoboND-Rover-Project/IMG/robocam_2017_06_07_23_34_34_681.jpg,0,0,0,1.357877,102.7008,90.16247,359.7427,56.48903,359.9873
/Users/jeredyang/Documents/Github/RoboND-Rover-Project/IMG/robocam_2017_06_07_23_34_34_748.jpg,0,0,0,1.353234,102.7455,90.23011,359.742,56.49057,359.9915
/Users/jeredyang/Documents/Github/RoboND-Rover-Project/IMG/robocam_2017_06_07_23_34_34_815.jpg,0,0,0,1.347039,102.7901,90.29747,359.7394,56.49066,359.9941
/Users/jeredyang/Documents/Github/RoboND-Rover-Project/IMG/robocam_2017_06_07_23_34_34_881.jpg,0,0,0,1.342461,102.8493,90.38689,359.7341,56.49067,-0.002629424
/Users/jeredyang/Documents/Github/RoboND-Rover-Project/IMG/robocam_2017_06_07_23_34_34_948.jpg,0,0,0,1.337866,102.8935,90.45377,359.7338,56.4921,0.004230441
/Users/jeredyang/Documents/Github/RoboND-Rover-Project/IMG/robocam_2017_06_07_23_34_35_014.jpg,0,0,0,1.331736,102.9376,90.52036,359.732,56.49219,0.009095662
/Users/jeredyang/Documents/Github/RoboND-Rover-Project/IMG/robocam_2017_06_07_23_34_35_081.jpg,0,0,0,1.327173,102.9963,90.60882,359.7332,56.49067,0.009622673
/Users/jeredyang/Documents/Github/RoboND-Rover-Project/IMG/robocam_2017_06_07_23_34_35_149.jpg,0,0,0,1.322588,103.04,90.67491,359.7336,56.49058,0.009993981
/Users/jeredyang/Documents/Github/RoboND-Rover-Project/IMG/robocam_2017_06_07_23_34_35_215.jpg,0,0,0,1.316594,103.0837,90.74077,359.7327,56.49057,0.01014842
/Users/jeredyang/Documents/Github/RoboND-Rover-Project/IMG/robocam_2017_06_07_23_34_35_281.jpg,0,0,0,1.312085,103.1416,90.82825,359.7346,56.48918,0.005472093
/Users/jeredyang/Documents/Github/RoboND-Rover-Project/IMG/robocam_2017_06_07_23_34_35_348.jpg,0,0,0,1.307556,103.1849,90.89359,359.7354,56.4891,0.002351091
/Users/jeredyang/Documents/Github/RoboND-Rover-Project/IMG/robocam_2017_06_07_23_34_35_415.jpg,0,0,0,1.30163,103.228,90.95871,359.735,56.48909,-0.00051834
/Users/jeredyang/Documents/Github/RoboND-Rover-Project/IMG/robocam_2017_06_07_23_34_35_481.jpg,0,0,0,1.297202,103.2852,91.0452,359.7347,56.49013,-0.001537336
/Users/jeredyang/Documents/Github/RoboND-Rover-Project/IMG/robocam_2017_06_07_23_34_35_548.jpg,0,0,0,1.292692,103.328,91.10983,359.7365,56.4906,-0.000411843
/Users/jeredyang/Documents/Github/RoboND-Rover-Project/IMG/robocam_2017_06_07_23_34_35_614.jpg,0,0,0,1.28683,103.3707,91.17422,359.7369,56.49063,0.000379787
/Users/jeredyang/Documents/Github/RoboND-Rover-Project/IMG/robocam_2017_06_07_23_34_35_681.jpg,0,0,0,1.282453,103.4272,91.2597,359.7358,56.49064,0.00130524
/Users/jeredyang/Documents/Github/RoboND-Rover-Project/IMG/robocam_2017_06_07_23_34_35_748.jpg,0,0,0,1.278056,103.4696,91.32358,359.7389,56.48972,-0.000963794
/Users/jeredyang/Documents/Github/RoboND-Rover-Project/IMG/robocam_2017_06_07_23_34_35_815.jpg,0,0,0,1.272191,103.5117,91.38725,359.7405,56.48967,-0.002000779
/Users/jeredyang/Documents/Github/RoboND-Rover-Project/IMG/robocam_2017_06_07_23_34_35_882.jpg,0,0,0,1.267864,103.5677,91.47177,359.7408,56.48967,-0.00316319
/Users/jeredyang/Documents/Github/RoboND-Rover-Project/IMG/robocam_2017_06_07_23_34_35_948.jpg,0,0,0,1.263551,103.6095,91.53494,359.7414,56.49059,-0.001753015
/Users/jeredyang/Documents/Github/RoboND-Rover-Project/IMG/robocam_2017_06_07_23_34_36_015.jpg,0,0,0,1.257735,103.6512,91.5979,359.7435,56.491,0.00070948
/Users/jeredyang/Documents/Github/RoboND-Rover-Project/IMG/robocam_2017_06_07_23_34_36_082.jpg,0,0,0,1.253456,103.7065,91.68147,359.7442,56.49104,0.00334063
/Users/jeredyang/Documents/Github/RoboND-Rover-Project/IMG/robocam_2017_06_07_23_34_36_148.jpg,0,0,0,1.249193,103.7479,91.7439,359.7449,56.49025,0.0032219
/Users/jeredyang/Documents/Github/RoboND-Rover-Project/IMG/robocam_2017_06_07_23_34_36_215.jpg,0,0,0,1.243443,103.7891,91.80612,359.7472,56.48984,0.001649954
/Users/jeredyang/Documents/Github/RoboND-Rover-Project/IMG/robocam_2017_06_07_23_34_36_282.jpg,0,0,0,1.239214,103.8438,91.88875,359.7482,56.48981,9.74E-07
/Users/jeredyang/Documents/Github/RoboND-Rover-Project/IMG/robocam_2017_06_07_23_34_36_348.jpg,0,0,0,1.234999,103.8847,91.95045,359.7476,56.4898,-0.001106468
/Users/jeredyang/Documents/Github/RoboND-Rover-Project/IMG/robocam_2017_06_07_23_34_36_414.jpg,0,0,0,1.229401,103.9254,92.01199,359.7477,56.49067,-0.000104935
/Users/jeredyang/Documents/Github/RoboND-Rover-Project/IMG/robocam_2017_06_07_23_34_36_481.jpg,0,0,0,1.225134,103.9795,92.09368,359.7494,56.49109,0.002488287
/Users/jeredyang/Documents/Github/RoboND-Rover-Project/IMG/robocam_2017_06_07_23_34_36_549.jpg,0,0,0,1.220966,104.0199,92.15469,359.7493,56.4911,0.004026748
/Users/jeredyang/Documents/Github/RoboND-Rover-Project/IMG/robocam_2017_06_07_23_34_36_615.jpg,0,0,0,1.21543,104.0601,92.21548,359.7498,56.4903,0.00352235
/Users/jeredyang/Documents/Github/RoboND-Rover-Project/IMG/robocam_2017_06_07_23_34_36_681.jpg,0,0,0,1.211213,104.1136,92.29626,359.752,56.48991,0.00130093
/Users/jeredyang/Documents/Github/RoboND-Rover-Project/IMG/robocam_2017_06_07_23_34_36_748.jpg,0,0,0,1.207093,104.1536,92.35658,359.7523,56.4899,-8.15E-05
/Users/jeredyang/Documents/Github/RoboND-Rover-Project/IMG/robocam_2017_06_07_23_34_36_814.jpg,0,0,0,1.20162,104.1934,92.41669,359.7516,56.48989,-0.001336648
/Users/jeredyang/Documents/Github/RoboND-Rover-Project/IMG/robocam_2017_06_07_23_34_36_881.jpg,0,0,0,1.197531,104.2462,92.49656,359.7523,56.49096,0.000158557
/Users/jeredyang/Documents/Github/RoboND-Rover-Project/IMG/robocam_2017_06_07_23_34_36_948.jpg,0,0,0,1.193376,104.2857,92.55621,359.7533,56.49111,0.001735905
/Users/jeredyang/Documents/Github/RoboND-Rover-Project/IMG/robocam_2017_06_07_23_34_37_015.jpg,0,0,0,1.187964,104.325,92.61564,359.7534,56.49112,0.00309159
/Users/jeredyang/Documents/Github/RoboND-Rover-Project/IMG/robocam_2017_06_07_23_34_37_082.jpg,0,0,0,1.183921,104.3773,92.69454,359.7535,56.49033,0.002802451
/Users/jeredyang/Documents/Github/RoboND-Rover-Project/IMG/robocam_2017_06_07_23_34_37_149.jpg,0,0,0,1.179814,104.4164,92.75352,359.7553,56.48999,0.001047963
/Users/jeredyang/Documents/Github/RoboND-Rover-Project/IMG/robocam_2017_06_07_23_34_37_215.jpg,0,0,0,1.174463,104.4553,92.81229,359.756,56.48996,-0.000394827
/Users/jeredyang/Documents/Github/RoboND-Rover-Project/IMG/robocam_2017_06_07_23_34_37_282.jpg,0,0,0,1.170466,104.507,92.89032,359.7554,56.48996,-0.002098921
/Users/jeredyang/Documents/Github/RoboND-Rover-Project/IMG/robocam_2017_06_07_23_34_37_349.jpg,0,0,0,1.166482,104.5455,92.94862,359.7556,56.49075,-0.001361968
/Users/jeredyang/Documents/Github/RoboND-Rover-Project/IMG/robocam_2017_06_07_23_34_37_415.jpg,0,0,0,1.161115,104.584,93.00673,359.7572,56.49109,0.000298116
/Users/jeredyang/Documents/Github/RoboND-Rover-Project/IMG/robocam_2017_06_07_23_34_37_481.jpg,0,0,0,1.157162,104.6351,93.08389,359.7578,56.49112,0.002047194
/Users/jeredyang/Documents/Github/RoboND-Rover-Project/IMG/robocam_2017_06_07_23_34_37_548.jpg,0,0,0,1.153224,104.6732,93.1415,359.7572,56.49112,0.003175853
/Users/jeredyang/Documents/Github/RoboND-Rover-Project/IMG/robocam_2017_06_07_23_34_37_615.jpg,0,0,0,1.14797,104.7113,93.19894,359.7585,56.49018,0.001503142
/Users/jeredyang/Documents/Github/RoboND-Rover-Project/IMG/robocam_2017_06_07_23_34_37_681.jpg,0,0,0,1.14401,104.7618,93.27522,359.7602,56.49005,-0.000441852
/Users/jeredyang/Documents/Github/RoboND-Rover-Project/IMG/robocam_2017_06_07_23_34_37_748.jpg,0,0,0,1.140116,104.7996,93.33221,359.7603,56.49005,-0.001713278
/Users/jeredyang/Documents/Github/RoboND-Rover-Project/IMG/robocam_2017_06_07_23_34_37_815.jpg,0,0,0,1.134944,104.8371,93.38897,359.7598,56.49004,-0.002835107
/Users/jeredyang/Documents/Github/RoboND-Rover-Project/IMG/robocam_2017_06_07_23_34_37_882.jpg,0,0,0,1.131059,104.8871,93.46442,359.7616,56.49102,-0.000771805
/Users/jeredyang/Documents/Github/RoboND-Rover-Project/IMG/robocam_2017_06_07_23_34_37_948.jpg,0,0,0,1.127157,104.9244,93.52077,359.7626,56.49106,0.000581412
/Users/jeredyang/Documents/Github/RoboND-Rover-Project/IMG/robocam_2017_06_07_23_34_38_015.jpg,0,0,0,1.122044,104.9615,93.5769,359.7628,56.49107,0.001792613
/Users/jeredyang/Documents/Github/RoboND-Rover-Project/IMG/robocam_2017_06_07_23_34_38_082.jpg,0,0,0,1.118223,105.0109,93.65144,359.7621,56.49107,0.003180541
/Users/jeredyang/Documents/Github/RoboND-Rover-Project/IMG/robocam_2017_06_07_23_34_38_149.jpg,-1.500479,0,0,1.114395,105.0481,93.70689,359.7639,56.43146,359.9917
/Users/jeredyang/Documents/Github/RoboND-Rover-Project/IMG/robocam_2017_06_07_23_34_38_215.jpg,-4.496085,0,0,1.108836,105.0862,93.76154,359.7667,56.19746,359.9586
/Users/jeredyang/Documents/Github/RoboND-Rover-Project/IMG/robocam_2017_06_07_23_34_38_282.jpg,-7.510231,0,0,1.103695,105.1387,93.83266,359.7774,55.55258,359.8749
/Users/jeredyang/Documents/Github/RoboND-Rover-Project/IMG/robocam_2017_06_07_23_34_38_348.jpg,-10.49342,0,0,1.097944,105.1797,93.88441,359.7897,54.8286,359.7821
/Users/jeredyang/Documents/Github/RoboND-Rover-Project/IMG/robocam_2017_06_07_23_34_38_415.jpg,-13.49091,0,0,1.08921,105.2219,93.93472,359.8087,53.91862,359.6714
/Users/jeredyang/Documents/Github/RoboND-Rover-Project/IMG/robocam_2017_06_07_23_34_38_481.jpg,-15,0,0,1.081143,105.2804,93.99914,359.8392,52.45189,359.4972
/Users/jeredyang/Documents/Github/RoboND-Rover-Project/IMG/robocam_2017_06_07_23_34_38_548.jpg,-15,0,0,1.075132,105.3251,94.04612,359.8671,51.33577,359.371
/Users/jeredyang/Documents/Github/RoboND-Rover-Project/IMG/robocam_2017_06_07_23_34_38_614.jpg,-15,0,0,1.067603,105.3705,94.09212,359.9027,50.22646,359.2591
/Users/jeredyang/Documents/Github/RoboND-Rover-Project/IMG/robocam_2017_06_07_23_34_38_681.jpg,-15,0,0,1.062184,105.4319,94.15159,359.9497,48.75301,359.1225
/Users/jeredyang/Documents/Github/RoboND-Rover-Project/IMG/robocam_2017_06_07_23_34_38_748.jpg,-15,0,0,1.056706,105.4787,94.19479,359.9819,47.65274,359.0308
/Users/jeredyang/Documents/Github/RoboND-Rover-Project/IMG/robocam_2017_06_07_23_34_38_815.jpg,-15,0,0,1.049753,105.5259,94.23684,0.007740979,46.56165,358.958
/Users/jeredyang/Documents/Github/RoboND-Rover-Project/IMG/robocam_2017_06_07_23_34_38_881.jpg,-15,0,0,1.045556,105.5887,94.29108,-0.002201349,45.14066,358.9308
/Users/jeredyang/Documents/Github/RoboND-Rover-Project/IMG/robocam_2017_06_07_23_34_38_949.jpg,-15,0,0,1.040551,105.6366,94.3303,359.9932,44.07807,358.9435
/Users/jeredyang/Documents/Github/RoboND-Rover-Project/IMG/robocam_2017_06_07_23_34_39_015.jpg,-15,0,0,1.034104,105.6851,94.3684,-0.005542192,43.0164,358.9691
/Users/jeredyang/Documents/Github/RoboND-Rover-Project/IMG/robocam_2017_06_07_23_34_39_082.jpg,-15,0,0,1.029665,105.7506,94.4172,359.985,41.59896,358.9954
/Users/jeredyang/Documents/Github/RoboND-Rover-Project/IMG/robocam_2017_06_07_23_34_39_148.jpg,-15,0,0,1.025181,105.8002,94.45242,359.9722,40.53944,359.0133
/Users/jeredyang/Documents/Github/RoboND-Rover-Project/IMG/robocam_2017_06_07_23_34_39_215.jpg,-15,0,0,1.019331,105.8502,94.48664,359.959,39.4864,359.0349
/Users/jeredyang/Documents/Github/RoboND-Rover-Project/IMG/robocam_2017_06_07_23_34_39_282.jpg,-15,0,0,1.014999,105.9175,94.5305,359.9366,38.08778,359.0611
/Users/jeredyang/Documents/Github/RoboND-Rover-Project/IMG/robocam_2017_06_07_23_34_39_348.jpg,-15,0,0,1.01057,105.9684,94.5621,359.9173,37.04268,359.0786
/Users/jeredyang/Documents/Github/RoboND-Rover-Project/IMG/robocam_2017_06_07_23_34_39_415.jpg,-15,0,0,1.004727,106.0196,94.5927,359.9004,36.00316,359.0989
/Users/jeredyang/Documents/Github/RoboND-Rover-Project/IMG/robocam_2017_06_07_23_34_39_482.jpg,-11.99107,0.2005951,0,1.009716,106.0887,94.63336,359.8969,34.84624,359.1436
/Users/jeredyang/Documents/Github/RoboND-Rover-Project/IMG/robocam_2017_06_07_23_34_39_548.jpg,-8.992185,0.400521,0,1.015226,106.1415,94.66479,359.9225,34.22435,359.2009
/Users/jeredyang/Documents/Github/RoboND-Rover-Project/IMG/robocam_2017_06_07_23_34_39_614.jpg,-6.000674,0.5999551,0,1.035209,106.1957,94.69753,359.9861,33.67527,359.2773
/Users/jeredyang/Documents/Github/RoboND-Rover-Project/IMG/robocam_2017_06_07_23_34_39_681.jpg,-3.005475,0.799635,0,1.071335,106.2709,94.74434,0.1503117,33.23208,359.4143
/Users/jeredyang/Documents/Github/RoboND-Rover-Project/IMG/robocam_2017_06_07_23_34_39_749.jpg,-0.01013964,0.999324,0,1.101928,106.33,94.78261,0.3404535,33.14906,359.5496
/Users/jeredyang/Documents/Github/RoboND-Rover-Project/IMG/robocam_2017_06_07_23_34_39_815.jpg,0,1,0,1.165578,106.392,94.82322,0.5788368,33.14651,359.7012
/Users/jeredyang/Documents/Github/RoboND-Rover-Project/IMG/robocam_2017_06_07_23_34_39_882.jpg,0,1,0,1.211966,106.4789,94.88023,0.9459478,33.15656,359.9106
/Users/jeredyang/Documents/Github/RoboND-Rover-Project/IMG/robocam_2017_06_07_23_34_39_948.jpg,0,1,0,1.258121,106.5471,94.92458,1.231863,33.15527,0.04349243
/Users/jeredyang/Documents/Github/RoboND-Rover-Project/IMG/robocam_2017_06_07_23_34_40_015.jpg,0,1,0,1.313919,106.6162,94.9673,1.360634,33.12308,0.03139485
/Users/jeredyang/Documents/Github/RoboND-Rover-Project/IMG/robocam_2017_06_07_23_34_40_082.jpg,0,1,0,1.378463,106.7072,95.02557,1.21814,33.19339,-0.00092095
/Users/jeredyang/Documents/Github/RoboND-Rover-Project/IMG/robocam_2017_06_07_23_34_40_148.jpg,0,1,0,1.424177,106.7789,95.07208,1.164739,33.19156,-0.000422492
/Users/jeredyang/Documents/Github/RoboND-Rover-Project/IMG/robocam_2017_06_07_23_34_40_214.jpg,0,1,0,1.484743,106.8537,95.12057,1.163996,33.1835,-0.000471807
/Users/jeredyang/Documents/Github/RoboND-Rover-Project/IMG/robocam_2017_06_07_23_34_40_281.jpg,0,1,0,1.530048,106.9579,95.18816,1.228429,33.17187,-0.000558336
/Users/jeredyang/Documents/Github/RoboND-Rover-Project/IMG/robocam_2017_06_07_23_34_40_347.jpg,0,1,0,1.575385,107.0389,95.24068,1.293531,33.1623,-0.001055853
/Users/jeredyang/Documents/Github/RoboND-Rover-Project/IMG/robocam_2017_06_07_23_34_40_415.jpg,0,1,0,1.636143,107.1215,95.29423,1.307037,33.15201,-0.0012376
/Users/jeredyang/Documents/Github/RoboND-Rover-Project/IMG/robocam_2017_06_07_23_34_40_481.jpg,0,1,0,1.684171,107.2347,95.36749,1.270419,33.13582,-0.001012611
/Users/jeredyang/Documents/Github/RoboND-Rover-Project/IMG/robocam_2017_06_07_23_34_40_548.jpg,0,1,0,1.731688,107.3227,95.42441,1.268442,33.12473,-0.000928439
/Users/jeredyang/Documents/Github/RoboND-Rover-Project/IMG/robocam_2017_06_07_23_34_40_615.jpg,-2.996414,1,0,1.790313,107.4134,95.48216,1.27328,32.96648,-0.000237248
/Users/jeredyang/Documents/Github/RoboND-Rover-Project/IMG/robocam_2017_06_07_23_34_40_681.jpg,-5.986484,1,0,1.835106,107.5394,95.55882,1.270211,32.29126,0.001310705
/Users/jeredyang/Documents/Github/RoboND-Rover-Project/IMG/robocam_2017_06_07_23_34_40_748.jpg,-8.982676,1,0,1.879437,107.638,95.61526,1.268975,31.41832,359.9867
/Users/jeredyang/Documents/Github/RoboND-Rover-Project/IMG/robocam_2017_06_07_23_34_40_815.jpg,-5.994496,1,0,1.937701,107.7396,95.67197,1.271901,30.53593,359.9789
/Users/jeredyang/Documents/Github/RoboND-Rover-Project/IMG/robocam_2017_06_07_23_34_40_882.jpg,-2.969235,1,0,1.983287,107.8788,95.74989,1.284819,29.7978,0.001351437
/Users/jeredyang/Documents/Github/RoboND-Rover-Project/IMG/robocam_2017_06_07_23_34_40_948.jpg,0,1,0,2.027711,107.986,95.80994,1.296632,29.59296,-0.000262389
/Users/jeredyang/Documents/Github/RoboND-Rover-Project/IMG/robocam_2017_06_07_23_34_41_015.jpg,0,1,0,2.087159,108.0953,95.87145,1.3048,29.55138,-0.001071497
/Users/jeredyang/Documents/Github/RoboND-Rover-Project/IMG/robocam_2017_06_07_23_34_41_081.jpg,0,1,0,2.132573,108.2447,95.95536,1.306392,29.5287,-0.001173924
/Users/jeredyang/Documents/Github/RoboND-Rover-Project/IMG/robocam_2017_06_07_23_34_41_148.jpg,0,1,0,2.176992,108.3595,96.01979,1.310841,29.51624,-0.001197624
/Users/jeredyang/Documents/Github/RoboND-Rover-Project/IMG/robocam_2017_06_07_23_34_41_214.jpg,0,1,0,2.235094,108.4766,96.08546,1.313406,29.50559,-0.001205418
/Users/jeredyang/Documents/Github/RoboND-Rover-Project/IMG/robocam_2017_06_07_23_34_41_281.jpg,0,1,0,2.279704,108.6364,96.17502,1.321064,29.4899,-0.001247481
/Users/jeredyang/Documents/Github/RoboND-Rover-Project/IMG/robocam_2017_06_07_23_34_41_348.jpg,0,1,0,2.322867,108.7588,96.2436,1.320752,29.4787,-0.001227519
/Users/jeredyang/Documents/Github/RoboND-Rover-Project/IMG/robocam_2017_06_07_23_34_41_415.jpg,0,1,0,2.381667,108.8836,96.31349,1.32511,29.46701,-0.001255223
/Users/jeredyang/Documents/Github/RoboND-Rover-Project/IMG/robocam_2017_06_07_23_34_41_481.jpg,0,1,0,2.425012,109.0536,96.40858,1.327767,29.45244,-0.001257519
/Users/jeredyang/Documents/Github/RoboND-Rover-Project/IMG/robocam_2017_06_07_23_34_41_548.jpg,0,1,0,2.468504,109.1837,96.48134,1.328797,29.44,-0.001273426
/Users/jeredyang/Documents/Github/RoboND-Rover-Project/IMG/robocam_2017_06_07_23_34_41_615.jpg,0,1,0,2.525847,109.3161,96.55534,1.33276,29.42824,-0.001289867
/Users/jeredyang/Documents/Github/RoboND-Rover-Project/IMG/robocam_2017_06_07_23_34_41_682.jpg,0,1,0,2.568704,109.4962,96.65596,1.340607,29.41284,-0.001328835
/Users/jeredyang/Documents/Github/RoboND-Rover-Project/IMG/robocam_2017_06_07_23_34_41_748.jpg,0,1,0,2.611445,109.6339,96.73284,1.34657,29.40153,-0.001350616
/Users/jeredyang/Documents/Github/RoboND-Rover-Project/IMG/robocam_2017_06_07_23_34_41_815.jpg,0,1,0,2.668257,109.7738,96.8109,1.347231,29.39155,-0.001373408
/Users/jeredyang/Documents/Github/RoboND-Rover-Project/IMG/robocam_2017_06_07_23_34_41_882.jpg,0,1,0,2.71098,109.9638,96.91686,1.347492,29.37359,-0.001239115
/Users/jeredyang/Documents/Github/RoboND-Rover-Project/IMG/robocam_2017_06_07_23_34_41_948.jpg,0,1,0,2.752939,110.109,96.99776,1.351879,29.35987,-0.001370315
/Users/jeredyang/Documents/Github/RoboND-Rover-Project/IMG/robocam_2017_06_07_23_34_42_015.jpg,0,1,0,2.809086,110.2564,97.07986,1.354936,29.34759,-0.001388731
/Users/jeredyang/Documents/Github/RoboND-Rover-Project/IMG/robocam_2017_06_07_23_34_42_081.jpg,0,1,0,2.851038,110.4563,97.19114,1.356559,29.33151,-0.001400101
/Users/jeredyang/Documents/Github/RoboND-Rover-Project/IMG/robocam_2017_06_07_23_34_42_148.jpg,0,1,0,2.892838,110.6088,97.27602,1.360266,29.32033,-0.000967652
/Users/jeredyang/Documents/Github/RoboND-Rover-Project/IMG/robocam_2017_06_07_23_34_42_215.jpg,0,1,0,2.948067,110.7636,97.36208,1.367177,29.30515,-0.001443555
/Users/jeredyang/Documents/Github/RoboND-Rover-Project/IMG/robocam_2017_06_07_23_34_42_282.jpg,0,1,0,2.989589,110.9733,97.47859,1.369921,29.28828,-0.00146843
/Users/jeredyang/Documents/Github/RoboND-Rover-Project/IMG/robocam_2017_06_07_23_34_42_348.jpg,0,1,0,3.03097,111.1331,97.56735,1.371693,29.27696,-0.001016976
/Users/jeredyang/Documents/Github/RoboND-Rover-Project/IMG/robocam_2017_06_07_23_34_42_414.jpg,0,1,0,3.085612,111.2952,97.65728,1.375278,29.26148,-0.001477134
/Users/jeredyang/Documents/Github/RoboND-Rover-Project/IMG/robocam_2017_06_07_23_34_42_481.jpg,0,1,0,3.12667,111.5145,97.77895,1.377111,29.24481,-0.00103977
/Users/jeredyang/Documents/Github/RoboND-Rover-Project/IMG/robocam_2017_06_07_23_34_42_548.jpg,0,1,0,3.16727,111.6816,97.87154,1.379952,29.22881,-0.001507828
/Users/jeredyang/Documents/Github/RoboND-Rover-Project/IMG/robocam_2017_06_07_23_34_42_614.jpg,0,1,0,3.22205,111.8509,97.9653,1.385019,29.21446,-0.001408498
/Users/jeredyang/Documents/Github/RoboND-Rover-Project/IMG/robocam_2017_06_07_23_34_42_681.jpg,0,0.8002781,0,3.259167,112.0795,98.09186,1.385104,29.19582,-0.000937664
/Users/jeredyang/Documents/Github/RoboND-Rover-Project/IMG/robocam_2017_06_07_23_34_42_748.jpg,0,0.5999079,0,3.288793,112.2526,98.18759,1.382626,29.17654,-0.000890051
/Users/jeredyang/Documents/Github/RoboND-Rover-Project/IMG/robocam_2017_06_07_23_34_42_815.jpg,-3.013875,0.3989829,0,3.312607,112.4267,98.28285,1.36045,29.00221,-0.000262503
/Users/jeredyang/Documents/Github/RoboND-Rover-Project/IMG/robocam_2017_06_07_23_34_42_881.jpg,-6.009028,0.1993061,0,3.319137,112.6601,98.40643,1.272962,28.22558,-0.003705865
/Users/jeredyang/Documents/Github/RoboND-Rover-Project/IMG/robocam_2017_06_07_23_34_42_948.jpg,-8.99658,0.000135958,0,3.316453,112.836,98.494,1.142346,27.18687,359.9148
/Users/jeredyang/Documents/Github/RoboND-Rover-Project/IMG/robocam_2017_06_07_23_34_43_015.jpg,-11.98967,0,0,3.2994,113.0127,98.57559,0.9464558,25.76861,359.7342
/Users/jeredyang/Documents/Github/RoboND-Rover-Project/IMG/robocam_2017_06_07_23_34_43_081.jpg,-12.01779,0,0,3.283376,113.2492,98.67391,0.5873631,23.41253,359.3456
/Users/jeredyang/Documents/Github/RoboND-Rover-Project/IMG/robocam_2017_06_07_23_34_43_148.jpg,-9.022001,0,0,3.271869,113.4257,98.7429,0.2281649,21.8471,359.0571
/Users/jeredyang/Documents/Github/RoboND-Rover-Project/IMG/robocam_2017_06_07_23_34_43_214.jpg,-6.032699,0,0,3.257546,113.6024,98.80911,359.8616,20.6684,358.8131
/Users/jeredyang/Documents/Github/RoboND-Rover-Project/IMG/robocam_2017_06_07_23_34_43_281.jpg,-3.035247,0,0,3.245512,113.8414,98.89963,359.6574,19.72073,358.8268
/Users/jeredyang/Documents/Github/RoboND-Rover-Project/IMG/robocam_2017_06_07_23_34_43_348.jpg,-0.03977716,0,0,3.233938,114.0233,98.96819,359.6967,19.46593,359.0636
/Users/jeredyang/Documents/Github/RoboND-Rover-Project/IMG/robocam_2017_06_07_23_34_43_415.jpg,0,0,0,3.210687,114.206,99.03431,359.7916,19.47523,359.3114
/Users/jeredyang/Documents/Github/RoboND-Rover-Project/IMG/robocam_2017_06_07_23_34_43_482.jpg,0,0,0,3.200252,114.4484,99.12003,359.8658,19.47567,359.582
/Users/jeredyang/Documents/Github/RoboND-Rover-Project/IMG/robocam_2017_06_07_23_34_43_548.jpg,0,0,0,3.189672,114.6291,99.18372,359.8925,19.47591,359.7708
/Users/jeredyang/Documents/Github/RoboND-Rover-Project/IMG/robocam_2017_06_07_23_34_43_615.jpg,0,0.09959704,0,3.175533,114.8089,99.24701,359.8976,19.476,359.9464
/Users/jeredyang/Documents/Github/RoboND-Rover-Project/IMG/robocam_2017_06_07_23_34_43_681.jpg,0,0.2990309,0,3.171762,115.0483,99.33125,359.8994,19.47564,0.1564671
/Users/jeredyang/Documents/Github/RoboND-Rover-Project/IMG/robocam_2017_06_07_23_34_43_748.jpg,0,0.499815,0,3.176353,115.2287,99.39467,359.921,19.47515,0.2937814
/Users/jeredyang/Documents/Github/RoboND-Rover-Project/IMG/robocam_2017_06_07_23_34_43_815.jpg,0,0.4998479,0,3.196855,115.4108,99.45847,359.9911,19.46874,0.3964934
/Users/jeredyang/Documents/Github/RoboND-Rover-Project/IMG/robocam_2017_06_07_23_34_43_881.jpg,0,0.300141,0,3.208613,115.6547,99.54375,0.08245677,19.45664,0.4830771
/Users/jeredyang/Documents/Github/RoboND-Rover-Project/IMG/robocam_2017_06_07_23_34_43_948.jpg,0,0.1004308,0,3.212739,115.8372,99.60765,0.1227606,19.4492,0.5177237
/Users/jeredyang/Documents/Github/RoboND-Rover-Project/IMG/robocam_2017_06_07_23_34_44_014.jpg,0,0,0,3.203274,116.0187,99.67126,0.1289642,19.44386,0.5340272
/Users/jeredyang/Documents/Github/RoboND-Rover-Project/IMG/robocam_2017_06_07_23_34_44_081.jpg,0,0,0,3.193011,116.2589,99.75557,0.09003391,19.43902,0.533521
/Users/jeredyang/Documents/Github/RoboND-Rover-Project/IMG/robocam_2017_06_07_23_34_44_148.jpg,0,0,0,3.182524,116.438,99.81847,0.03445556,19.43713,0.5208881
/Users/jeredyang/Documents/Github/RoboND-Rover-Project/IMG/robocam_2017_06_07_23_34_44_214.jpg,0,0,0,3.168506,116.6162,99.88108,359.9684,19.43432,0.4951386
/Users/jeredyang/Documents/Github/RoboND-Rover-Project/IMG/robocam_2017_06_07_23_34_44_281.jpg,0,0,0,3.157831,116.8531,99.96416,359.8809,19.4267,0.4334113
/Users/jeredyang/Documents/Github/RoboND-Rover-Project/IMG/robocam_2017_06_07_23_34_44_348.jpg,0,0,0,3.147058,117.0299,100.0263,359.813,19.4219,0.3751102
/Users/jeredyang/Documents/Github/RoboND-Rover-Project/IMG/robocam_2017_06_07_23_34_44_415.jpg,0,0,0,3.132836,117.206,100.0883,359.7419,19.41959,0.3131262
/Users/jeredyang/Documents/Github/RoboND-Rover-Project/IMG/robocam_2017_06_07_23_34_44_481.jpg,0,0,0,3.122074,117.4401,100.1706,359.6554,19.41382,0.2149088
/Users/jeredyang/Documents/Github/RoboND-Rover-Project/IMG/robocam_2017_06_07_23_34_44_548.jpg,0,0,0,3.111534,117.6149,100.2321,359.5916,19.41006,0.1395845
/Users/jeredyang/Documents/Github/RoboND-Rover-Project/IMG/robocam_2017_06_07_23_34_44_614.jpg,0,0,0,3.097136,117.7893,100.2935,359.5355,19.40668,0.06244624
/Users/jeredyang/Documents/Github/RoboND-Rover-Project/IMG/robocam_2017_06_07_23_34_44_681.jpg,0,0,0,3.086619,118.0207,100.3752,359.4594,19.40619,359.9715
/Users/jeredyang/Documents/Github/RoboND-Rover-Project/IMG/robocam_2017_06_07_23_34_44_748.jpg,0,0,0,3.075725,118.194,100.4369,359.4346,19.41838,359.9435
/Users/jeredyang/Documents/Github/RoboND-Rover-Project/IMG/robocam_2017_06_07_23_34_44_815.jpg,0,0,0,3.061339,118.3668,100.4981,359.4153,19.42619,359.9207
/Users/jeredyang/Documents/Github/RoboND-Rover-Project/IMG/robocam_2017_06_07_23_34_44_881.jpg,0,0,0,3.050181,118.5966,100.5795,359.4086,19.43346,359.9085
/Users/jeredyang/Documents/Github/RoboND-Rover-Project/IMG/robocam_2017_06_07_23_34_44_948.jpg,0,0,0,3.039787,118.7682,100.6401,359.4003,19.43447,359.8998
/Users/jeredyang/Documents/Github/RoboND-Rover-Project/IMG/robocam_2017_06_07_23_34_45_015.jpg,0,0,0,3.025635,118.9394,100.7009,359.4084,19.44307,359.9146
/Users/jeredyang/Documents/Github/RoboND-Rover-Project/IMG/robocam_2017_06_07_23_34_45_081.jpg,0,0,0,3.015017,119.1669,100.7813,359.4203,19.44671,359.9328
/Users/jeredyang/Documents/Github/RoboND-Rover-Project/IMG/robocam_2017_06_07_23_34_45_148.jpg,0,0,0,3.00477,119.3367,100.8413,359.424,19.44714,359.9454
/Users/jeredyang/Documents/Github/RoboND-Rover-Project/IMG/robocam_2017_06_07_23_34_45_214.jpg,0,0,0,2.991169,119.506,100.901,359.4237,19.44718,359.958
/Users/jeredyang/Documents/Github/RoboND-Rover-Project/IMG/robocam_2017_06_07_23_34_45_282.jpg,0,0,0,2.980442,119.731,100.9808,359.4468,19.45643,0.002585214
/Users/jeredyang/Documents/Github/RoboND-Rover-Project/IMG/robocam_2017_06_07_23_34_45_348.jpg,0,0,0,2.9703,119.899,101.0401,359.4563,19.45736,0.02680132
/Users/jeredyang/Documents/Github/RoboND-Rover-Project/IMG/robocam_2017_06_07_23_34_45_415.jpg,0,0,0,2.956871,120.0665,101.0991,359.468,19.45329,0.03834708
/Users/jeredyang/Documents/Github/RoboND-Rover-Project/IMG/robocam_2017_06_07_23_34_45_482.jpg,0,0,0,2.946256,120.2891,101.1775,359.4926,19.44822,0.03947068
/Users/jeredyang/Documents/Github/RoboND-Rover-Project/IMG/robocam_2017_06_07_23_34_45_548.jpg,0,0,0,2.936269,120.4552,101.2361,359.5027,19.44759,0.04140375
/Users/jeredyang/Documents/Github/RoboND-Rover-Project/IMG/robocam_2017_06_07_23_34_45_614.jpg,0,0,0,2.923023,120.6207,101.2945,359.5061,19.44744,0.04243753
/Users/jeredyang/Documents/Github/RoboND-Rover-Project/IMG/robocam_2017_06_07_23_34_45_682.jpg,-1.496654,0,0,2.912663,120.8409,101.3713,359.5259,19.36296,0.005057822
/Users/jeredyang/Documents/Github/RoboND-Rover-Project/IMG/robocam_2017_06_07_23_34_45_748.jpg,-4.501484,0,0,2.902368,121.0059,101.4263,359.53,18.95594,359.922
/Users/jeredyang/Documents/Github/RoboND-Rover-Project/IMG/robocam_2017_06_07_23_34_45_814.jpg,-7.49502,0,0,2.886533,121.1716,101.4781,359.5508,18.19125,359.7964
/Users/jeredyang/Documents/Github/RoboND-Rover-Project/IMG/robocam_2017_06_07_23_34_45_881.jpg,-10.49247,0,0,2.872966,121.3934,101.5397,359.5908,16.55152,359.5111
/Users/jeredyang/Documents/Github/RoboND-Rover-Project/IMG/robocam_2017_06_07_23_34_45_948.jpg,-13.48173,0,0,2.857501,121.5609,101.5794,359.6588,14.88992,359.2304
/Users/jeredyang/Documents/Github/RoboND-Rover-Project/IMG/robocam_2017_06_07_23_34_46_014.jpg,-15,0,0,2.833956,121.7293,101.6134,359.7859,12.97747,358.9226
/Users/jeredyang/Documents/Github/RoboND-Rover-Project/IMG/robocam_2017_06_07_23_34_46_081.jpg,-15,0,0,2.820309,121.9548,101.6531,0.04477381,10.36172,358.7183
/Users/jeredyang/Documents/Github/RoboND-Rover-Project/IMG/robocam_2017_06_07_23_34_46_148.jpg,-15,0,0,2.804639,122.1187,101.6781,359.9593,8.345116,358.8231
/Users/jeredyang/Documents/Github/RoboND-Rover-Project/IMG/robocam_2017_06_07_23_34_46_214.jpg,-11.99468,0,0,2.786787,122.2831,101.6949,359.8906,6.610001,358.9355
/Users/jeredyang/Documents/Github/RoboND-Rover-Project/IMG/robocam_2017_06_07_23_34_46_281.jpg,-8.985256,0,0,2.774607,122.5036,101.7093,359.8797,4.68119,359.0143
/Users/jeredyang/Documents/Github/RoboND-Rover-Project/IMG/robocam_2017_06_07_23_34_46_348.jpg,-5.99226,0,0,2.764919,122.669,101.7171,359.8878,3.596741,359.0549
/Users/jeredyang/Documents/Github/RoboND-Rover-Project/IMG/robocam_2017_06_07_23_34_46_414.jpg,-2.99013,0,0,2.753025,122.8339,101.7237,359.8947,2.867874,359.1055
/Users/jeredyang/Documents/Github/RoboND-Rover-Project/IMG/robocam_2017_06_07_23_34_46_481.jpg,0,0,0,2.744131,123.0527,101.733,359.8755,2.494675,359.2093
/Users/jeredyang/Documents/Github/RoboND-Rover-Project/IMG/robocam_2017_06_07_23_34_46_548.jpg,1.492604,0,0,2.734891,123.2158,101.7408,359.8441,2.526527,359.3193
/Users/jeredyang/Documents/Github/RoboND-Rover-Project/IMG/robocam_2017_06_07_23_34_46_614.jpg,4.482269,0,0,2.721897,123.3781,101.7505,359.7979,2.869415,359.4789
/Users/jeredyang/Documents/Github/RoboND-Rover-Project/IMG/robocam_2017_06_07_23_34_46_681.jpg,7.474096,0,0,2.710658,123.5928,101.7687,359.7167,3.92395,359.8054
/Users/jeredyang/Documents/Github/RoboND-Rover-Project/IMG/robocam_2017_06_07_23_34_46_748.jpg,10.50727,0,0,2.698172,123.7522,101.7875,359.6464,5.157387,0.1491807
/Users/jeredyang/Documents/Github/RoboND-Rover-Project/IMG/robocam_2017_06_07_23_34_46_814.jpg,13.50203,0,0,2.678057,123.9104,101.811,359.6096,6.727654,0.5403946
/Users/jeredyang/Documents/Github/RoboND-Rover-Project/IMG/robocam_2017_06_07_23_34_46_882.jpg,10.485,0,0.101388,2.662464,124.1206,101.8475,359.6725,8.816437,1.011282
/Users/jeredyang/Documents/Github/RoboND-Rover-Project/IMG/robocam_2017_06_07_23_34_46_948.jpg,7.48818,0,0.3011761,2.632351,124.2774,101.8758,359.8346,10.06809,1.176556
/Users/jeredyang/Documents/Github/RoboND-Rover-Project/IMG/robocam_2017_06_07_23_34_47_014.jpg,4.499956,0,0.5003911,2.524024,124.4285,101.9038,359.9389,10.99839,1.160328
/Users/jeredyang/Documents/Github/RoboND-Rover-Project/IMG/robocam_2017_06_07_23_34_47_081.jpg,1.503856,0,0.7001311,2.407238,124.6122,101.9397,359.7702,11.48966,0.9809316
/Users/jeredyang/Documents/Github/RoboND-Rover-Project/IMG/robocam_2017_06_07_23_34_47_148.jpg,0,0,0.9007351,2.252111,124.736,101.9632,359.4275,11.63367,0.7277756
/Users/jeredyang/Documents/Github/RoboND-Rover-Project/IMG/robocam_2017_06_07_23_34_47_215.jpg,0,0,1,2.03467,124.8478,101.9847,358.9618,11.87851,0.3866879
/Users/jeredyang/Documents/Github/RoboND-Rover-Project/IMG/robocam_2017_06_07_23_34_47_281.jpg,0,0,1,1.887193,124.9842,102.0128,358.4263,12.11738,359.8237
/Users/jeredyang/Documents/Github/RoboND-Rover-Project/IMG/robocam_2017_06_07_23_34_47_348.jpg,0,0,1,1.762088,125.0809,102.0373,358.231,12.37614,359.639
/Users/jeredyang/Documents/Github/RoboND-Rover-Project/IMG/robocam_2017_06_07_23_34_47_414.jpg,0,0,1,1.605582,125.1736,102.0636,358.2489,12.92026,359.6876
/Users/jeredyang/Documents/Github/RoboND-Rover-Project/IMG/robocam_2017_06_07_23_34_47_482.jpg,0,0,1,1.480083,125.2907,102.1,358.5428,13.9939,-0.005012738
/Users/jeredyang/Documents/Github/RoboND-Rover-Project/IMG/robocam_2017_06_07_23_34_47_548.jpg,0,0,1,1.376711,125.37,102.1214,358.814,14.48913,0.1265635
/Users/jeredyang/Documents/Github/RoboND-Rover-Project/IMG/robocam_2017_06_07_23_34_47_614.jpg,0,0,1,1.081102,125.4318,102.1358,358.7943,14.7056,0.07356811
/Users/jeredyang/Documents/Github/RoboND-Rover-Project/IMG/robocam_2017_06_07_23_34_47_681.jpg,0,0,1,0.8743978,125.492,102.1515,358.516,14.76693,359.9868
/Users/jeredyang/Documents/Github/RoboND-Rover-Project/IMG/robocam_2017_06_07_23_34_47_748.jpg,0,0,1,0.6641141,125.5214,102.1599,358.2399,14.86797,0.007327341
/Users/jeredyang/Documents/Github/RoboND-Rover-Project/IMG/robocam_2017_06_07_23_34_47_815.jpg,0,0,1,0.3836734,125.5395,102.1645,358.0152,14.94433,359.9933
/Users/jeredyang/Documents/Github/RoboND-Rover-Project/IMG/robocam_2017_06_07_23_34_47_881.jpg,0,0,1,0.113014,125.5435,102.1658,357.6895,14.93981,0.009883314
/Users/jeredyang/Documents/Github/RoboND-Rover-Project/IMG/robocam_2017_06_07_23_34_47_948.jpg,0,0,1,0.03546453,125.5436,102.1659,357.7086,14.94488,0.00877965
/Users/jeredyang/Documents/Github/RoboND-Rover-Project/IMG/robocam_2017_06_07_23_34_48_014.jpg,0,0,1,-0.07434162,125.5437,102.1659,358.0101,14.94691,359.9901
/Users/jeredyang/Documents/Github/RoboND-Rover-Project/IMG/robocam_2017_06_07_23_34_48_081.jpg,0,0,1,-0.1673946,125.5437,102.1659,358.8322,14.9537,359.9922
/Users/jeredyang/Documents/Github/RoboND-Rover-Project/IMG/robocam_2017_06_07_23_34_48_148.jpg,0,0,0,-0.2151346,125.5434,102.1658,359.5408,14.95386,359.9836
/Users/jeredyang/Documents/Github/RoboND-Rover-Project/IMG/robocam_2017_06_07_23_34_48_214.jpg,0,0,0,-0.1982118,125.5432,102.1657,0.2066359,14.95405,359.976
/Users/jeredyang/Documents/Github/RoboND-Rover-Project/IMG/robocam_2017_06_07_23_34_48_281.jpg,0,0,0,-0.182218,125.5429,102.1657,0.97337,14.96476,0.003163314
/Users/jeredyang/Documents/Github/RoboND-Rover-Project/IMG/robocam_2017_06_07_23_34_48_348.jpg,0,0,0,-0.1432121,125.5428,102.1654,1.398277,14.96395,-0.00359754
/Users/jeredyang/Documents/Github/RoboND-Rover-Project/IMG/robocam_2017_06_07_23_34_48_414.jpg,0,0,0,-0.06109448,125.5426,102.1654,1.548053,14.96526,359.9901
/Users/jeredyang/Documents/Github/RoboND-Rover-Project/IMG/robocam_2017_06_07_23_34_48_481.jpg,0,0,0,0.03716544,125.5427,102.1649,1.330937,14.96279,-0.00460068
/Users/jeredyang/Documents/Github/RoboND-Rover-Project/IMG/robocam_2017_06_07_23_34_48_547.jpg,0,0,0,0.08081563,125.5428,102.1646,1.013375,14.96189,0.01804744
/Users/jeredyang/Documents/Github/RoboND-Rover-Project/IMG/robocam_2017_06_07_23_34_48_614.jpg,0,0,0,0.09590301,125.5429,102.1645,0.6908743,14.96146,0.05807401
/Users/jeredyang/Documents/Github/RoboND-Rover-Project/IMG/robocam_2017_06_07_23_34_48_680.jpg,0,0,0,0.09303919,125.5431,102.1645,0.2794412,14.9616,0.1092898
/Users/jeredyang/Documents/Github/RoboND-Rover-Project/IMG/robocam_2017_06_07_23_34_48_748.jpg,0,0,0,0.08846901,125.5432,102.1645,359.9899,14.96215,0.1412503
/Users/jeredyang/Documents/Github/RoboND-Rover-Project/IMG/robocam_2017_06_07_23_34_48_814.jpg,0,0,0,0.08023729,125.5433,102.1645,359.7216,14.96294,0.167514
/Users/jeredyang/Documents/Github/RoboND-Rover-Project/IMG/robocam_2017_06_07_23_34_48_881.jpg,0,0,0,0.07276656,125.5435,102.1642,359.4146,14.96385,0.1746272
/Users/jeredyang/Documents/Github/RoboND-Rover-Project/IMG/robocam_2017_06_07_23_34_48_948.jpg,0,0,0,0.05817463,125.5437,102.1638,359.2377,14.96394,0.1467558
Path,SteerAngle,Throttle,Brake,Speed,X_Position,Y_Position,Pitch,Yaw,Roll
/Users/jeredyang/Documents/Github/RoboND-Rover-Project/IMG/robocam_2017_06_07_23_45_05_376.jpg,0,0,0,0,144.0273,95.59003,1.368935,355.8334,1.307038